Codigo_CUOC,Nombre_Ocupacion,Nivel_Competencia
1100,Oficiales de las Fuerzas Militares,4
2100,Suboficiales de las Fuerzas Militares,3
3100,Otros miembros de las Fuerzas Militares,1
11110,Directores formuladores y ejecutores de políticas y normas / Directoras formuladoras y ejecutoras de políticas y normas,4
11120,Directores del gobierno / Directoras del gobierno,4
11130,Jefes de comunidades étnicas / Jefas de comunidades étnicas,4
11140,"Dirigentes de organizaciones con un interés específico (partidos políticos, sindicatos y organizaciones sociales)",4
11200,Directores y gerentes generales / Directoras y gerentas generales,4
12111,Directores y gerentes financieros / Directoras y gerentas financieras,4
12112,"Directores y gerentes de seguros, bienes raíces y corretaje financiero / Directoras y gerentas de seguros, bienes raíces y corretaje financiero",4
12113,"Directores y gerentes de banca, crédito e inversiones / Directoras y gerentas de banca, crédito e inversiones",4
12120,Directores y gerentes de gestión de talento humano / Directoras y gerentas de gestión de talento humano,4
12130,Directores y gerentes de políticas y planeación / Directoras y gerentas de políticas y planeación,4
12191,Directores y gerentes de limpieza y mantenimiento / Directoras y gerentas de limpieza y mantenimiento,4
12199,Directores y gerentes de administración y servicios no clasificados en otras ocupaciones / Directoras y gerentas de administración y servicios no clasificados en otras ocupaciones,4
12211,Directores y gerentes de ventas y mercadeo / Directoras y gerentas de ventas y mercadeo,4
12212,Directores y gerentes de comercio exterior / Directoras y gerentas de comercio exterior,4
12220,Directores y gerentes de publicidad y relaciones públicas / Directoras y gerentas de publicidad y relaciones públicas,4
12230,"Directores y gerentes de ingeniería, investigación y desarrollo / Directoras y gerentas de ingeniería, investigación y desarrollo",4
13110,Directores y gerentes de producción agropecuaria y silvicultura / Directoras y gerentas de producción agropecuaria y silvicultura,4
13120,"Directores y gerentes de producción acuícola, piscícola y de pesca / Directoras y gerentas de producción acuícola, piscícola y de pesca",4
13210,Directores y gerentes de industrias manufactureras / Directoras y gerentas de industrias manufactureras,4
13220,Directores y gerentes de producción primaria (excepto agricultura) / Directoras y gerentas de producción primaria (excepto agricultura),4
13230,Directores y gerentes de empresas de construcción / Directoras y gerentas de empresas de construcción,4
13241,Directores y gerentes de compras y adquisiciones / Directoras y gerentas de compras y adquisiciones,4
13242,Directores y gerentes de servicios de correo y mensajería / Directoras y gerentas de servicios de correo y mensajería,4
13243,"Directores y gerentes de transporte, distribución y logística / Directoras y gerentas de transporte, distribución y logística",4
13244,Directores y gerentes de cadena de suministro / Directoras y gerentas de cadena de suministro,4
13301,Directores y gerentes de telecomunicaciones / Directoras y gerentas de telecomunicaciones,4
13302,Directores y gerentes de sistemas de información y procesamiento de datos / Directoras y gerentas de sistemas de información y procesamiento de datos,4
13303,Directores y gerentes de comunicaciones y audiovisuales / Directoras y gerentas de comunicaciones y audiovisuales,4
13410,Directores y gerentes de servicios de cuidados infantiles / Directoras y gerentas de servicios de cuidados infantiles,4
13420,Directores y gerentes de servicios de salud / Directoras y gerentas de servicios de salud,4
13430,Directores y gerentes de servicios de atención a personas mayores / Directoras y gerentas de servicios de atención a personas mayores,4
13440,"Directores y gerentes de servicios de bienestar social, comunitario y correccional / Directoras y gerentas de servicios de bienestar social, comunitario y correccional",4
13451,Directores y gerentes de programas de política educativa / Directoras y gerentas de programas de política educativa,4
13452,Directores y administradores de instituciones de educación y formación / Directoras y administradoras de instituciones de educación y formación,4
13460,"Directores y gerentes de sucursales de bancos, de servicios financieros y de seguros / Directoras y gerentas de sucursales de bancos, de servicios financieros y de seguros",4
13491,"Directores y gerentes de archivo, biblioteca, museo y galería de arte / Directoras y gerentas de archivo, biblioteca, museo y galería de arte",4
13492,Directores y gerentes de servicios y procesos de negocio / Directoras y gerentes de servicios y procesos de negocio,4
13499,Directores y gerentes de servicios profesionales no clasificados en otras ocupaciones / Directoras y gerentes de servicios profesionales no clasificados en otras ocupaciones,4
14110,Directores y gerentes de servicios hoteleros y hospedaje / Directoras y gerentes de servicios hoteleros y hospedaje,3
14120,Gerentes y administradores de servicios de alimentos y restaurantes / Gerentas y administradoras de servicios de alimentos y restaurantes,3
14200,Gerentes de comercios al por mayor y al por menor / Gerentas de comercios al por mayor y al por menor,3
14311,"Directores y gerentes de empresas de música, artes escénicas y cultura / Directoras y gerentes de empresas de música, artes escénicas y cultura",3
14312,"Directores y gerentes de recreación, actividad física y deportes / Directoras y gerentes de recreación, actividad física y deportes",3
14391,Gerentes y administradores de propiedad horizontal / Gerentas y administradoras de propiedad horizontal,3
14399,Otros gerentes y administradores de servicios no clasificados en otras ocupaciones / Otras gerentas y administradoras de servicios no clasificados en otras ocupaciones,3
21110,Físicos y astrónomos / Físicas y astrónomas,4
21120,Meteorólogos / Meteorólogas,4
21130,Químicos / Químicas,4
21141,"Geólogos, geofísicos y geoquímicos / Geólogas, geofísicas y geoquímicas",4
21142,Gemólogos / Gemólogas,3
21143,Oceanógrafos / Oceanógrafas,4
21200,"Matemáticos, actuarios y estadísticos / Matemáticas, actuarias y estadísticas",4
21310,"Biólogos, botánicos, zoólogos y afines / Biólogas, botánicas, zoólogas y afines",4
21321,"Agrónomos, agroecólogos, agrícolas, pecuarios y zootecnistas / Agrónomas, agroecólogas, agrícolas, pecuarias y zootecnistas",4
21322,Silvicultores y forestales / Silvicultoras y forestales,4
21323,Extensionistas agropecuarios y forestales de bosques naturales,4
21331,Profesionales ambientales y ecologistas,4
21332,Profesionales en gestión de riesgo de desastres,4
21410,Ingenieros industriales y de producción / Ingenieras industriales y de producción,4
21420,Ingenieros civiles / Ingenieras civiles,4
21430,Ingenieros medioambientales / Ingenieras medioambientales,4
21441,Ingenieros mecánicos / Ingenieras mecánicas,4
21442,Ingenieros navales / Ingenieras navales,4
21443,Ingenieros aeronáuticos / Ingenieras aeronáuticas,4
21450,Ingenieros químicos / Ingenieras químicas,4
21461,Ingenieros de minas / Ingenieras de minas,4
21462,Ingenieros metalúrgicos / Ingenieras metalúrgicas,4
21463,Ingenieros de petróleo y gas / Ingenieras de petróleo y gas,4
21491,Ingenieros de materiales / Ingenieras de materiales,4
21492,Ingenieros biomédicos y biológicos / Ingenieras biomédicas y biológicas,4
21499,Ingenieros no clasificados en otras ocupaciones / Ingenieras no clasificadas en otras ocupaciones,4
21510,Ingenieros electricistas / Ingenieras electricistas,4
21521,Ingenieros electrónicos / Ingenieras electrónicas,4
21522,Ingenieros de automatización e instrumentación / Ingenieras de automatización e instrumentación,4
21531,Ingenieros de telecomunicaciones / Ingenieras de telecomunicaciones,4
21532,Ingenieros y productores de audio y sonido / Ingenieras y productoras de audio y sonido,4
21610,Arquitectos / Arquitectas,4
21620,Arquitectos paisajistas / Arquitectas paisajistas,4
21631,Diseñadores industriales y de productos / Diseñadoras industriales y de productos,4
21632,Diseñadores de vestuario y moda / Diseñadoras de vestuario y moda,4
21633,Diseñadores de espacios / Diseñadoras de espacios,4
21634,Diseñadores de servicios / Diseñadoras de servicios,4
21635,Diseñadores de iluminación / Diseñadoras de iluminación,4
21640,"Planificadores urbanos, regionales y de tránsito / Planificadoras urbanas, regionales y de tránsito",4
21650,Cartógrafos e ingenieros topográficos y catastrales / Cartógrafas e ingenieras topográficas y catastrales,4
21661,Diseñadores gráficos / Diseñadoras gráficas,4
21662,Diseñadores de imágenes computarizadas e interacción digital / Diseñadoras de imágenes computarizadas e interacción digital,4
22110,Médicos generales / Médicas generales,4
22120,Médicos especialistas / Médicas especialistas,4
22210,Profesionales de enfermería,4
22300,Profesionales de medicina tradicional y alternativa,4
22401,Paramédicos / Paramédicas,4
22402,Instrumentadores quirúrgicos / Instrumentadoras quirúrgicas,4
22500,Veterinarios / Veterinarias,4
22611,Odontólogos generales / Odontólogas generales,4
22612,Odontólogos especialistas / Odontólogas especialistas,4
22620,Farmacéuticos y químicos farmacéuticos / Farmacéuticas y químicas farmacéuticas,4
22630,Profesionales de la salud y la higiene laboral y ambiental,4
22640,Fisioterapeutas,4
22650,Nutricionistas dietistas,4
22660,Fonoaudiólogos y terapeutas del lenguaje / Fonoaudiólogas y terapeutas del lenguaje,4
22670,Optómetras,4
22691,Terapeutas ocupacionales,4
22692,Profesionales en terapia respiratoria,4
22693,Otros profesionales de terapia / Otras profesionales de terapia,4
22699,Profesionales de la salud no clasificados en otras ocupaciones,4
23100,Profesores de instituciones de educación superior / Profesoras de instituciones de educación superior,4
23200,Profesores de formación profesional / Profesoras de formación profesional,4
23300,Profesores de educación secundaria / Profesoras de educación secundaria,4
23410,Profesores de educación básica primaria / Profesoras de educación básica primaria,4
23420,Profesores de primera infancia y preescolar / Profesoras de primera infancia y preescolar,4
23510,Especialistas en métodos y procesos pedagógicos,4
23521,Profesores e instructores de educación especial e inclusiva / Profesoras e instructoras de educación especial e inclusiva,4
23522,Pedagogos reeducadores / Pedagogas reeducadoras,4
23530,Otros profesores de idiomas / Otras profesoras de idiomas,4
23540,Otros profesores de música / Otras profesoras de música,4
23550,Otros profesores de artes / Otras profesoras de artes,4
23560,Instructores de tecnología de la información / Instructoras de tecnología de la información,4
23591,Orientadores educativos / Orientadoras educativas,4
23599,Otros profesionales de la educación no clasificados en otras ocupaciones / Otras profesionales de la educación no clasificados en otras ocupaciones,4
24111,Contadores / Contadoras,4
24112,Auditores financieros y contables / Auditoras financieras y contables,4
24120,Asesores financieros y de inversiones / Asesoras financieras y de inversiones,4
24130,Analistas financieros / Analistas financieras,4
24210,Profesionales y analistas de gestión y organización,4
24220,Profesionales en políticas sociales y de administración,4
24231,Profesionales de talento humano,4
24232,Consejeros de servicios de empleo / Consejeras de servicios de empleo,4
24241,Profesionales de formación y desarrollo de personal,4
24242,Evaluadores de competencias laborales / Evaluadoras de competencias laborales,4
24311,Profesionales en mercadeo y publicidad,4
24312,Administradores de comunidades virtuales / Administradoras de comunidades virtuales,3
24313,Profesionales en negocios internacionales,4
24320,Profesionales de relaciones públicas y comunicaciones,4
24330,Profesionales de ventas técnicas y médicas (excluyendo las TIC),4
24340,Profesionales de ventas de tecnología de la información y las comunicaciones,4
25110,Analistas de sistemas,4
25120,Desarrolladores de software / Desarrolladoras de software,4
25130,Desarrolladores Web y multimedia / Desarrolladoras Web y multimedia,4
25140,Programadores de aplicaciones / Programadoras de aplicaciones,4
25190,Desarrolladores y analistas de software y multimedia no clasificados en otras ocupaciones / Desarrolladoras y analistas de software y multimedia no clasificadas en otras ocupaciones,4
25210,Diseñadores y administradores de bases de datos / Diseñadoras y administradoras de bases de datos,4
25220,Administradores de sistemas / Administradoras de sistemas,4
25230,Profesionales en redes de computadores,4
25290,Profesionales en bases de datos y en redes de computadores no clasificados en otras ocupaciones,4
26110,Abogados / Abogadas,4
26120,Jueces / Juezas,4
26191,Profesionales en ciencias forenses,4
26199,Profesionales en derecho no clasificados en otras ocupaciones,4
26211,Archivistas,4
26212,Curadores de artes visuales y plásticas y de patrimonio cultural / Curadoras de artes visuales y plásticas y de patrimonio cultural,4
26213,Curadores y supervisores musicales / Curadoras y supervisoras musicales,3
26214,Museólogos y museógrafos / Museólogas y museógrafas,4
26215,Restauradores y conservadores de patrimonio cultural mueble / Restauradoras y conservadoras de patrimonio cultural mueble,4
26216,Restauradores y conservadores de patrimonio cultural construido / Restauradoras y conservadoras de patrimonio cultural construido,4
26219,"Otros archivistas, curadores de arte y restauradores no clasificados en otras ocupaciones / Otras archivistas, curadoras de arte y restauradoras no clasificadas en otras ocupaciones",4
26220,"Bibliotecólogos, documentalistas y afines / Bibliotecólogas, documentalistas y afines",4
26310,Economistas,4
26320,"Sociólogos, antropólogos y afines / Sociólogas, antropólogas y afines",4
26330,"Filósofos, historiadores y especialistas en ciencias políticas / Filósofas, historiadoras y especialistas en ciencias políticas",4
26340,Psicólogos / Psicólogas,3
26351,Profesionales del trabajo social y consejeros,4
26352,Gestores de recursos y donaciones / Gestoras de recursos y donaciones,4
26360,Profesionales religiosos y ministros de culto / Profesionales religiosas y ministras de culto,4
26410,Autores y otros escritores / Autoras y otras escritoras,4
26421,Periodistas,4
26422,Editores y redactores / Editoras y redactoras,4
26431,"Traductores, intérpretes y lingüistas / Traductoras, intérpretes y lingüistas",4
26432,Traductores e intérpretes de lenguas nativas / Traductoras e intérpretes de lenguas nativas,4
26433,Intérpretes de lengua de señas,3
26434,Guías-intérpretes,3
26511,Artistas plásticos y visuales / Artistas plásticas y visuales,4
26512,Ilustradores artísticos / Ilustradoras artísticas,3
26521,Intérpretes musicales,4
26522,Directores e investigadores musicales / Directoras e investigadoras musicales,4
26523,Autores y compositores musicales / Autoras y compositoras musicales,4
26524,Ejecutantes musicales,2
26531,Compositores coreográficos e intérpretes de danza / Compositoras coreográficas e intérpretes de danza,4
26532,Bailarines y otros ejecutantes de la danza / Bailarinas y otras ejecutantes de la danza,3
26541,"Productores, directores y editores de cine, teatro y afines / Productoras, directoras y editoras de cine, teatro y afines",4
26542,Productores de campo para las artes escénicas y audiovisuales / Productoras de campo para las artes escénicas y audiovisuales,3
26543,"Realizadores y coordinadores de las artes escénicas, audiovisuales y afines / Realizadoras y coordinadoras de las artes escénicas, audiovisuales y afines",3
26551,Actores / Actrices,4
26559,Otros actores no clasificados en otras ocupaciones / Otras actrices no clasificadas en otras ocupaciones,2
26560,"Locutores y presentadores de radio, televisión y otros medios de comunicación / Locutoras y presentadoras de radio, televisión y otros medios de comunicación",3
26591,Artistas creativos y ejecutantes de técnicas circenses / Artistas creativas y ejecutantes de técnicas circenses,3
26599,Artistas creativos e interpretativos no clasificados en otras ocupaciones / Artistas creativas e interpretativas no clasificadas en otras ocupaciones,3
31111,Técnicos en física y química / Técnicas en física y química,3
31112,Técnicos en geología / Técnicas en geología,3
31113,Técnicos en meteorología / Técnicas en meteorología,3
31114,Técnicos en metrología / Técnicas en metrología,3
31115,Auxiliares de laboratorio,2
31121,Técnicos en construcción y arquitectura / Técnicas en construcción y arquitectura,3
31122,Técnicos en topografía / Técnicas en topografía,3
31123,Técnicos en cartografía / Técnicas en cartografía,3
31130,Técnicos en electricidad / Técnicas en electricidad,3
31141,Técnicos en electrónica / Técnicas en electrónica,3
31142,Técnicos en automatización e instrumentación / Técnicas en automatización e instrumentación,3
31150,Técnicos en ingeniería mecánica / Técnicas en ingeniería mecánica,3
31160,Técnicos en química industrial / Técnicas en química industrial,3
31171,Técnicos de minas y metalurgia / Técnicas de minas y metalurgia,3
31172,Operarios de exploración geofísica y geológica / Operarias de exploración geofísica y geológica,3
31181,Delineantes y dibujantes técnicos / Delineantes y dibujantes técnicas,3
31182,Auxiliares de producción gráfica,2
31183,Graficadores de imágenes computarizadas / Graficadoras de imágenes computarizadas,3
31191,Técnicos en fabricación industrial / Técnicas en fabricación industrial,3
31199,Técnicos en ciencias físicas y en ingeniería no clasificados en otras ocupaciones / Técnicas en ciencias físicas y en ingeniería no clasificados en otras ocupaciones,3
31211,Supervisores de minería y canteras / Supervisoras de minería y canteras,3
31212,Supervisores de perforación y servicio a pozos de petróleo y gas / Supervisoras de perforación y servicio a pozos de petróleo y gas,3
31213,Supervisores y analistas de producción de hidrocarburos / Supervisoras y analistas de producción de hidrocarburos,3
31221,Supervisores de procesamiento de alimentos y bebidas / Supervisoras de procesamiento de alimentos y bebidas,3
31222,Supervisores de fabricación y procesamiento de productos de plástico y caucho / Supervisoras de fabricación y procesamiento de productos de plástico y caucho,3
31223,Supervisores de procesamiento de la madera y producción de pulpa y papel / Supervisoras de procesamiento de la madera y producción de pulpa y papel,3
31224,Supervisores de ensamble de vehículos de motor / Supervisoras de ensamble de vehículos de motor,3
31225,Supervisores de impresión y ocupaciones relacionadas / Supervisoras de impresión y ocupaciones relacionadas,3
31226,"Supervisores de fabricación y tratamiento de productos mecánicos, metálicos y minerales / Supervisoras de fabricación y tratamiento de productos mecánicos, metálicos y minerales",3
31227,"Supervisores de fabricación y procesamiento de productos textiles, cuero y piel / Supervisoras de fabricación y procesamiento de productos textiles, cuero y piel",3
31228,Supervisores de fabricación de productos eléctricos y electrónicos / Supervisoras de fabricación de productos eléctricos y electrónicos,3
31229,Supervisores de industrias manufactureras no clasificadas en otras ocupaciones / Supervisoras de industrias manufactureras no clasificadas en otras ocupaciones,3
31231,"Supervisores de la construcción, maestros generales de obra, instalación y reparación / Supervisoras de la construcción, maestros generales de obra, instalación y reparación",3
31232,Inspectores de sistemas e instalaciones de gas / Inspectoras de sistemas e instalaciones de gas,3
31310,Operadores de plantas de generación y distribución de energía / Operadoras de plantas de generación y distribución de energía,2
31321,Operadores de plantas de tratamiento de agua / Operadoras de plantas de tratamiento de agua,2
31322,"Operadores de incineradores, de hornos crematorios y de rellenos sanitarios / Operadoras de incineradores, de hornos crematorios y de rellenos sanitarios",2
31330,Controladores de instalaciones de procesamiento de productos químicos / Controladoras de instalaciones de procesamiento de productos químicos,3
31341,Operadores de instalaciones de refinación de petróleo y gas natural / Operadoras de instalaciones de refinación de petróleo y gas natural,3
31342,Inspectores de oleoductos y gasoductos / Inspectoras de oleoductos y gasoductos,3
31350,Controladores de procesos de producción y tratamiento de metales / Controladoras de procesos de producción y tratamiento de metales,3
31390,Técnicos en control de procesos no clasificados en otras ocupaciones / Técnicas en control de procesos no clasificados en otras ocupaciones,3
31410,Técnicos en ciencias biológicas (excluyendo la medicina) / Técnicas en ciencias biológicas (excluyendo la medicina),3
31421,Técnicos agropecuarios / Técnicas agropecuarias,3
31422,"Inspectores de productos agrícola, pecuarios y de pesca / Inspectoras de productos agrícola, pecuarios y de pesca",3
31423,Inspectores de riego agrícola / Inspectoras de riego agrícola,3
31424,Supervisores de producción agrícola / Supervisoras de producción agrícola,3
31425,Supervisores de producción pecuaria / Supervisoras de producción pecuaria,3
31426,Promotores de servicios agrícolas y relacionados / Promotoras de servicios agrícolas y relacionados,3
31431,Técnicos forestales y de recursos naturales / Técnicas forestales y de recursos naturales,3
31432,Supervisores de explotación forestal y silvicultura / Supervisoras de explotación forestal y silvicultura,3
31510,Oficiales maquinistas en navegación,3
31520,Capitanes y oficiales de cubierta,3
31530,"Pilotos, ingenieros e instructores de vuelo",3
31540,"Controladores de tráfico aéreo, marítimo y ferroviario / Controladoras de tráfico aéreo, marítimo y ferroviario",3
31550,Técnicos en seguridad aeronáutica e instrumentos de aeronavegación / Técnicas en seguridad aeronáutica e instrumentos de aeronavegación,3
32111,Técnicos y tecnólogos en imágenes diagnósticas / Técnicas y tecnólogas en imágenes diagnósticas,3
32112,Técnicos y tecnólogos en radioterapia / Técnicas y tecnólogas en radioterapia,3
32113,Técnicos y tecnólogos en medicina nuclear / Técnicas y tecnólogas en medicina nuclear,3
32119,Otros técnicos en aparatos de diagnóstico y tratamiento médico no clasificados en otras ocupaciones / Otras técnicas en aparatos de diagnóstico y tratamiento médico no clasificados en otras ocupaciones,3
32120,Técnicos de laboratorios médicos / Técnicas de laboratorios médicos,3
32130,Técnicos y asistentes farmacéuticos / Técnicas y asistentes farmacéuticas,3
32141,Técnicos en mecánica dental / Técnicas en mecánica dental,2
32142,Técnicos de órtesis y prótesis médicas / Técnicas de órtesis y prótesis médicas,3
32220,Técnicos y profesionales del nivel medio en partería tradicional / Técnicas y profesionales del nivel medio en partería tradicional,3
32301,Técnicos y profesionales del nivel medio en medicina alternativa / Técnicas y profesionales del nivel medio en medicina alternativa,3
32302,Practicantes de medicina tradicional ancestral / Practicantas de medicina tradicional ancestral,3
32400,Técnicos y asistentes veterinarios / Técnicas y asistentes veterinarias,3
32520,Técnicos en documentación sanitaria / Técnicas en documentación sanitaria,3
32530,Trabajadores comunitarios de la salud / Trabajadoras comunitarias de la salud,3
32540,Técnicos en óptica / Técnicas en óptica,3
32550,Técnicos y asistentes terapeutas / Técnicas y asistentes terapeutas,3
32560,Asistentes médicos / Asistentas médicas,3
32571,"Inspectores de sanidad, seguridad y salud en el trabajo / Inspectoras de sanidad, seguridad y salud en el trabajo",3
32572,Coordinadores de sistemas integrados de gestión / Coordinadoras de sistemas integrados de gestión,3
32573,"Técnicos en prevención, gestión y control ambiental / Técnicas en prevención, gestión y control ambiental",3
32574,Asistentes en saneamiento ambiental / Asistentas en saneamiento ambiental,3
32580,Técnicos en atención prehospitalaria / Técnicas en atención prehospitalaria,3
32590,Otros técnicos y profesionales del nivel medio de la salud no clasificados en otras ocupaciones / Otras técnicas y profesionales del nivel medio de la salud no clasificadas en otras ocupaciones,3
33110,"Agentes de bolsa, cambio y otros servicios financieros",3
33120,Analistas y asistentes financieros en préstamos y créditos / Analistas y asistentes financieras en préstamos y créditos,3
33131,Asistentes contables / Asistentas contables,3
33132,Asistentes financieros / Asistentas financieras,3
33133,Asistentes de tesorería / Asistentas de tesorería,3
33134,Técnicos de contabilidad y afines / Técnicas de contabilidad y afines,3
33140,"Técnicos y profesionales del nivel medio de servicios estadísticos, matemáticos y afines / Técnicas y profesionales del nivel medio de servicios estadísticos, matemáticos y afines",3
33150,"Tasadores, avaluadores y liquidadores de seguros / Tasadoras, avaluadoras y liquidadoras de seguros",3
33210,Agentes y corredores de seguros / Agentes y corredoras de seguros,3
33220,Representantes comerciales,3
33230,Agentes de compras,3
33240,Agentes de operaciones comerciales y consignatarios,3
33311,Asistentes de comercio exterior / Asistentas de comercio exterior,3
33312,Gestores y agentes de servicios de aduana / Gestoras y agentes de servicios de aduana,3
33320,"Coordinadores y productores de conferencias, eventos y espectáculos / Coordinadoras y productoras de conferencias, eventos y espectáculos",3
33330,Agentes de empleo y contratistas de mano de obra,3
33340,Agentes inmobiliarios / Agentes inmobiliarias,3
33391,"Agentes y promotores culturales, artísticos y deportivos / Agentes y promotoras culturales, artísticas y deportivas",3
33392,"Asistentes de mercadeo, publicidad y comunicaciones / Asistentas de mercadeo, publicidad y comunicaciones",3
33393,Auxiliares de promoción artística,2
33399,Agentes de servicios comerciales no clasificados en otras ocupaciones,3
33411,Supervisores administrativos / Supervisoras administrativas,3
33412,Supervisores de entidades financieras / Supervisoras de entidades financieras,3
33413,"Supervisores y coordinadores de procesos de negocio, empleados de información y servicio al cliente / Supervisoras y coordinadoras de procesos de negocio, empleadas de información y servicio al cliente",3
33414,Supervisores de personal de correo y mensajería / Supervisoras de personal de correo y mensajería,3
33415,"Supervisores de almacenamiento, inventario y distribución / Supervisoras de almacenamiento, inventario y distribución",3
33416,Supervisores de operación de transporte ferroviario / Supervisoras de operación de transporte ferroviario,3
33417,Supervisores de operación de transporte terrestre (no ferroviario) / Supervisoras de operación de transporte terrestre (no ferroviario),3
33420,Secretarios jurídicos / Secretarias jurídicas,3
33431,Asistentes administrativos / Asistentas administrativas,3
33432,Asistentes de talento humano / Asistentas de talento humano,3
33433,Técnicos en archivística / Técnicas en archivística,3
33440,Secretarios médicos / Secretarias médicas,3
33510,"Inspectores de aduana, fronteras y migración / Inspectoras de aduana, fronteras y migración",3
33520,Agentes de administración tributaria,3
33530,Funcionarios e inspectores de servicios de seguridad social / Funcionarias e inspectoras de servicios de seguridad social,3
33540,Funcionarios e inspectores gubernamentales de expedición de licencias / Funcionarias e inspectoras gubernamentales de expedición de licencias,3
33551,Inspectores y detectives de policía / Inspectoras y detectives de policía,3
33552,Técnicos investigadores criminalísticos y judiciales / Técnicas investigadoras criminalísticas y judiciales,2
33553,Investigadores criminalísticos y judiciales / Investigadoras criminalísticas y judiciales,3
33590,Agentes de gobierno y profesionales del nivel medio para la aplicación de regulaciones no clasificados en otras ocupaciones,3
34111,"Asistentes de juzgados, tribunales y afines / Asistentas de juzgados, tribunales y afines",3
34112,Auxiliares de tribunales,2
34113,Asistentes legales y afines / Asistentas legales y afines,3
34119,"Técnicos y profesionales del nivel medio del derecho, de servicios legales y afines, no clasificados en otras ocupaciones / Técnicas y profesionales del nivel medio del derecho, de servicios legales y afines, no clasificadas en otras ocupaciones",3
34120,Trabajadores y asistentes sociales y comunitarios / Trabajadoras y asistentes sociales y comunitarias,3
34130,Auxiliares laicos de las religiones / Auxiliares laicas de las religiones,3
34210,Atletas y deportistas,3
34221,Entrenadores y preparadores físicos / Entrenadoras y preparadoras físicas,3
34222,Árbitros / Árbitras,3
34231,Instructores de educación física y recreación / Instructoras de educación física y recreación,3
34232,Recreadores / Recreadoras,2
34310,Fotógrafos / Fotógrafas,3
34320,Decoradores de interiores / Decoradoras de interiores,3
34331,Ocupaciones técnicas relacionadas con museos y galerías,3
34332,Técnicos en biblioteca / Técnicas en biblioteca,3
34333,Técnicos en promoción y animación a la lectura y la escritura / Técnicas en promoción y animación a la lectura y la escritura,3
34340,Chefs,3
34351,Otros técnicos de actividades artísticas / Otras técnicas de actividades artísticas,3
34352,Artistas corporales,3
34353,Auxiliares de producción de eventos y espectáculos,2
34354,Asistentes de dirección y producción en las artes escénicas y audiovisuales / Asistentas de dirección y producción en las artes escénicas y audiovisuales,3
34355,Técnicos y profesionales de nivel medio en producción de arte para actividades audiovisuales y escénicas / Técnicas y profesionales de nivel medio en producción de arte para actividades audiovisuales y escénicas,3
35110,Técnicos en operaciones de tecnología de la información y las comunicaciones / Técnicas en operaciones de tecnología de la información y las comunicaciones,3
35121,Técnicos en asistencia y soporte de tecnologías de la información / Técnicas en asistencia y soporte de tecnologías de la información,2
35122,Representantes de servicios especializados BPO (business process outsourcing),3
35130,Técnicos en redes y tecnologías de la información / Técnicas en redes y tecnologías de la información,3
35140,Técnicos de la web / Técnicas de la web,3
35211,Operadores de cámara de cine y televisión / Operadoras de cámara de cine y televisión,3
35212,Técnicos en transmisión audiovisual / Técnicas en transmisión audiovisual,3
35213,"Asistentes en cine, televisión y artes escénicas / Asistentas en cine, televisión y artes escénicas",3
35214,Técnicos de producción de audio y sonido / Técnicas de producción de audio y sonido,3
35215,Asistentes de producción de audio y sonido / Asistentas de producción de audio y sonido,2
35221,Técnicos en telecomunicaciones / Técnicas en telecomunicaciones,3
35222,Supervisores de telecomunicaciones / Supervisoras de telecomunicaciones,3
35223,Operadores de radio / Operadoras de radio,2
41101,Oficinistas generales,2
41102,Auxiliares de aduana,2
41200,Secretarios generales / Secretarias generales,2
41310,Operadores de máquinas de procesamiento de texto y mecanógrafos / Operadoras de máquinas de procesamiento de texto y mecanógrafos,2
41321,Grabadores de datos / Grabadoras de datos,2
41322,Digitadores / Digitadoras,2
42110,Cajeros de bancos y afines / Cajeras de bancos y afines,2
42120,Receptores de apuestas y afines / Receptoras de apuestas y afines,2
42130,Prestamistas,2
42140,"Cobradores, auxiliares de cartera y afines / Cobradoras, auxiliares de cartera y afines",2
42210,Empleados de ventas y servicios de viajes / Empleadas de ventas y servicios de viajes,2
42220,Empleados de centros de llamadas / Empleadas de centros de llamadas,2
42230,Telefonistas,2
42240,Recepcionistas de hoteles,2
42251,Auxiliares de información y servicio al cliente,2
42252,Informadores turísticos / Informadoras turísticas,2
42260,Recepcionistas generales,2
42270,Entrevistadores de encuestas y de investigaciones de mercados / Entrevistadoras de encuestas y de investigaciones de mercados,2
42291,Auxiliares administrativos en salud / Auxiliares administrativas en salud,2
42299,Otros empleados de servicios de información al cliente no clasificados en otras ocupaciones / Otras empleadas de servicios de información al cliente no clasificados en otras ocupaciones,2
43110,"Auxiliares de contabilidad, costos y tesorería",2
43121,Auxiliares de servicios estadísticos y financieros,2
43122,Auxiliares de avalúos,2
43130,Auxiliares de nómina y prestaciones,2
43211,Auxiliares de almacén y pesaje,2
43212,Auxiliares de compras e inventarios,2
43220,Empleados de servicios de apoyo a la producción / Empleadas de servicios de apoyo a la producción,2
43231,Empleados y operarios de servicios de transporte / Empleadas y operarias de servicios de transporte,2
43232,Inspectores y controladores de transporte / Inspectoras y controladoras de transporte,3
44110,Empleados auxiliares de bibliotecas / Empleadas auxiliares de bibliotecas,2
44120,Empleados de servicios de correos / Empleadas de servicios de correos,2
44130,"Codificadores de datos, correctores de pruebas de imprenta y afines / Codificadoras de datos, correctores de pruebas de imprenta y afines",2
44140,Escribientes públicos y afines / Escribientes públicas y afines,2
44150,Empleados auxiliares de archivos / Empleadas auxiliares de archivos,2
44161,Auxiliares de talento humano,2
44162,Auxiliares de seguridad en el trabajo,2
44191,Auxiliares de publicación y afines,2
44199,Otro personal de apoyo administrativo no clasificados en otras ocupaciones / Otra personal de apoyo administrativo no clasificados en otras ocupaciones,2
51110,Personal de servicio a pasajeros,3
51120,Revisores y cobradores de los transportes públicos / Revisoras y cobradoras de los transportes públicos,2
51131,Guías de turismo,3
51132,Anfitriones turísticos locales / Anfitrionas turísticas locales,2
51201,Cocineros / Cocineras,2
51202,Sabedores de la cocina tradicional / Sabedoras de la cocina tradicional,2
51310,Meseros y capitanes de servicio a la mesa / Meseras y capitanes de servicio a la mesa,2
51321,Bartenders,2
51322,Baristas,2
51410,Peluqueros / Peluqueras,2
51421,Manicuristas y pedicuristas,2
51422,Cosmetólogos esteticistas / Cosmetólogas esteticistas,2
51423,Maquilladores / Maquilladoras,2
51424,Asesores de imagen / Asesoras de imagen,2
51429,Otras ocupaciones elementales de los servicios no clasificados en otras ocupaciones / Otras ocupaciones elementales de los servicios no clasificadas en otras ocupaciones,2
51510,"Supervisores de mantenimiento y limpieza en oficinas, hoteles y otros establecimientos / Supervisoras de mantenimiento y limpieza en oficinas, hoteles y otros establecimientos",3
51520,Ecónomos y mayordomos domésticos / Ecónomas y mayordomas domésticas,2
51530,Conserjes y afines,2
51610,"Astrólogos, adivinos y afines / Astrólogas, adivinas y afines",2
51620,Acompañantes,2
51631,Tanatopractores / Tanatopractoras,3
51632,Coordinadores de servicios funerarios / Coordinadoras de servicios funerarios,3
51633,Personal de servicios funerarios,2
51640,Cuidadores de animales / Cuidadoras de animales,2
51650,Instructores de conducción / Instructoras de conducción,3
51690,Otros trabajadores de servicios personales no clasificados en otras ocupaciones / Otras trabajadoras de servicios personales no clasificados en otras ocupaciones,2
52110,Vendedores en quioscos y puestos de mercado / Vendedoras en quioscos y puestos de mercado,2
52120,Vendedores ambulantes de alimentos preparados para consumo inmediato / Vendedoras ambulantes de alimentos preparados para consumo inmediato,2
52210,Comerciantes de tiendas,2
52220,Supervisores de tiendas y almacenes / Supervisoras de tiendas y almacenes,3
52230,"Vendedores y auxiliares de venta en tiendas, almacenes y afines / Vendedoras y auxiliares de venta en tiendas, almacenes y afines",2
52300,"Cajeros de comercio, taquilleros y expendedores de boletas / Cajeras de comercio, taquilleros y expendedores de boletas",2
52410,"Modelos de moda, arte y publicidad",2
52420,"Demostradores de tiendas, almacenes y afines / Demostradoras de tiendas, almacenes y afines",2
52430,Vendedores puerta a puerta / Vendedoras puerta a puerta,2
52440,Vendedores a través de medios tecnológicos / Vendedoras a través de medios tecnológicos,2
52450,Expendedores de combustibles para vehículos / Expendedoras de combustibles para vehículos,2
52460,Vendedores de comidas en mostrador / Vendedoras de comidas en mostrador,2
52490,Otros vendedores no clasificados en otras ocupaciones / Otras vendedoras no clasificadas en otras ocupaciones,2
53110,Cuidadores de niños / Cuidadoras de niños,2
53120,Auxiliares de maestros y primera infancia,2
53210,Trabajadores de los cuidados personales en instituciones / Trabajadoras de los cuidados personales en instituciones,2
53220,Trabajadores de los cuidados personales a domicilio / Trabajadoras de los cuidados personales a domicilio,2
53291,Auxiliares en enfermería,2
53292,Auxiliares en salud oral,2
53293,Auxiliares en salud pública,2
53294,Auxiliares de laboratorio clínico,2
53295,Auxiliares en servicios farmacéuticos,2
53299,Trabajadores de los cuidados personales en servicios de salud no clasificados en otras ocupaciones / Trabajadoras de los cuidados personales en servicios de salud no clasificados en otras ocupaciones,2
54111,Oficiales de bomberos,4
54112,Suboficiales de bomberos,3
54113,Bomberos / Bomberas,2
54114,Rescatistas,2
54121,Oficiales de policía,4
54122,Suboficiales y nivel ejecutivo de la policía,3
54123,Patrulleros y agentes de policía / Patrulleras y agentes de policía,3
54124,Auxiliares de policía,2
54131,Oficiales del cuerpo de custodia y vigilancia,4
54132,Suboficiales del cuerpo de custodia y vigilancia,3
54133,Guardianes de prisión / Guardianas de prisión,2
54141,Supervisor de personal de vigilancia / Supervisora de personal de vigilancia,3
54142,"Vigilantes, guardas y personal operativo de seguridad privada",2
54191,Guardavidas y salvavidas,3
54192,Agentes de tránsito,2
54193,Técnicos operativos de tránsito / Técnicas operativas de tránsito,2
54199,Personal de los servicios de protección no clasificadas en otras ocupaciones,2
61111,Agricultores de cultivos extensivos / Agricultoras de cultivos extensivos,3
61112,Trabajadores agrícolas calificados de cultivos extensivos / Trabajadoras agrícolas calificadas de cultivos extensivos,2
61113,Trabajadores calificados de riego agrícola / Trabajadoras calificadas de riego agrícola,2
61121,Agricultores de plantaciones de árboles y arbustos / Agricultoras de plantaciones de árboles y arbustos,3
61122,Trabajadores agrícolas calificados de plantaciones de árboles y arbustos / Trabajadoras agrícolas calificadas de plantaciones de árboles y arbustos,2
61131,"Agricultores de huertas, invernaderos, viveros y jardines / Agricultoras de huertas, invernaderos, viveros y jardines",3
61132,"Trabajadores agrícolas calificados de huertas, invernaderos, viveros y jardines / Trabajadoras agrícolas calificadas de huertas, invernaderos, viveros y jardines",2
61140,Agricultores y trabajadores calificados de cultivos mixtos / Agricultoras y trabajadoras calificadas de cultivos mixtos,3
61211,Criadores de animales (excepto aves de corral) / Criadoras de animales (excepto aves de corral),3
61212,Trabajadores calificados de la cría de animales (excepto aves de corral) / Trabajadoras calificadas de la cría de animales (excepto aves de corral),2
61221,Avicultores / Avicultoras,3
61222,Trabajadores calificados de la avicultura / Trabajadoras calificadas de la avicultura,2
61230,Criadores y trabajadores calificados de la apicultura y la sericicultura / Criadoras y trabajadoras calificadas de la apicultura y la sericicultura,2
61290,"Criadores y trabajadores pecuarios calificados, avicultores y criadores de insectos no clasificados en otras ocupaciones / Criadoras y trabajadoras pecuarias calificadas, avicultoras y criadoras de insectos no clasificadas en otras ocupaciones",2
61300,Productores y trabajadores calificados de explotaciones agropecuarias mixtas cuya producción se destina al mercado / Productoras y trabajadoras calificadas de explotaciones agropecuarias mixtas cuya producción se destina al mercado,2
62101,Trabajadores calificados de explotación forestal / Trabajadoras calificadas de explotación forestal,2
62102,Trabajadores de silvicultura y forestación / Trabajadoras de silvicultura y forestación,2
62211,Productores de acuicultura / Productoras de acuicultura,3
62212,Trabajadores acuícolas calificados / Trabajadoras acuícolas calificadas,2
62221,Capitanes y patrones de pesca de aguas dulces y costeras,3
62222,Pescadores de aguas dulces y costeras / Pescadoras de aguas dulces y costeras,2
62231,Capitanes y patrones de pesca de alta mar,2
62232,Pescadores de alta mar / Pescadoras de alta mar,2
62240,Cazadores y tramperos / Cazadoras y tramperas,2
63100,Trabajadores agrícolas de subsistencia / Trabajadoras agrícolas de subsistencia,2
63200,Trabajadores pecuarios de subsistencia / Trabajadoras pecuarias de subsistencia,2
63300,Trabajadores agropecuarios de subsistencia / Trabajadoras agropecuarias de subsistencia,2
63400,"Pescadores, cazadores, tramperos y recolectores de subsistencia / Pescadoras, cazadoras, tramperas y recolectoras de subsistencia",2
71110,Constructores de casas / Constructoras de casas,2
71120,Albañiles y oficiales de construcción,2
71130,"Labrantes, tronzadores y grabadores de piedra / Labrantes, tronzadores y grabadores de piedra",2
71140,"Operarios en cemento armado, enfoscadores y afines / Operarias en cemento armado, enfoscadores y afines",2
71150,Carpinteros de armar y de obra blanca / Carpinteras de armar y de obra blanca,2
71190,Oficiales y operarios de la construcción de obra gruesa y afines no clasificados en otras ocupaciones,2
71210,Techadores / Techadoras,2
71221,Enchapadores / Enchapadoras,2
71222,Instaladores de pisos / Instaladoras de pisos,2
71230,Revocadores / Revocadoras,2
71240,Instaladores de material aislante y de insonorización / Instaladoras de material aislante y de insonorización,2
71250,Cristaleros y vidrieros / Cristaleras y vidrieras,2
71261,Fontaneros y plomeros / Fontaneras y plomeras,2
71262,Instaladores de tuberías para sistemas de extinción de incendios / Instaladoras de tuberías para sistemas de extinción de incendios,2
71263,Instaladores de redes y equipos a gas / Instaladoras de redes y equipos a gas,2
71264,Operarios de mantenimiento de redes de abastecimiento de agua y gas / Operarias de mantenimiento de redes de abastecimiento de agua y gas,2
71270,Mecánicos montadores de aire acondicionado y refrigeración / Mecánicas montadoras de aire acondicionado y refrigeración,2
71310,Pintores y empapeladores / Pintoras y empapeladoras,2
71320,Barnizadores y afines / Barnizadoras y afines,2
71330,Limpiadores de fachadas y deshollinadores / Limpiadoras de fachadas y deshollinadores,2
72110,"Operarios de fundición, moldeadores y macheros / Operarias de fundición, moldeadores y macheros",2
72120,Soldadores y oxicortadores / Soldadoras y oxicortadoras,2
72131,Chapistas y caldereros / Chapistas y caldereras,2
72132,Latoneros / Latoneras,2
72140,Montadores de estructuras metálicas / Montadoras de estructuras metálicas,2
72151,Aparejadores / Aparejadoras,2
72152,Instaladores y empalmadores de cables / Instaladoras y empalmadoras de cables,2
72210,Herreros y forjadores / Herreras y forjadoras,2
72220,Herramentistas y afines,2
72230,Ajustadores y operadores de máquinas herramientas / Ajustadoras y operadoras de máquinas herramientas,2
72240,Pulidores de metales y afiladores de herramientas / Pulidoras de metales y afiladores de herramientas,2
72310,Mecánicos y reparadores de vehículos de motor / Mecánicas y reparadoras de vehículos de motor,2
72320,Mecánicos y reparadores de sistemas y motores de aeronaves / Mecánicas y reparadoras de sistemas y motores de aeronaves,2
72331,Mecánicos industriales / Mecánicas industriales,2
72332,Mecánicos de equipo pesado / Mecánicas de equipo pesado,2
72333,"Mecánicos de maquinaria textil, confección, cuero, calzado y marroquinería / Mecánicas de maquinaria textil, confección, cuero, calzado y marroquinería",2
72334,Marineros de sala de máquinas / Marineras de sala de máquinas,2
72335,Auxiliares en automatización e instrumentación industrial,2
72340,Reparadores de bicicletas y afines / Reparadoras de bicicletas y afines,2
73110,Mecánicos y reparadores de instrumentos de precisión / Mecánicas y reparadoras de instrumentos de precisión,2
73120,Fabricantes y afinadores de instrumentos musicales / Fabricantes y afinadoras de instrumentos musicales,2
73140,Alfareros y ceramistas (barro y arcilla) / Alfareras y ceramistas (barro y arcilla),2
73151,"Operarios de fabricación, moldeo y acabado del vidrio / Operarias de fabricación, moldeo y acabado del vidrio",2
73152,Artesanos de trabajos en vidrio / Artesanas de trabajos en vidrio,2
73160,"Rotulistas, pintores decorativos y grabadores / Rotulistas, pintoras decorativas y grabadoras",2
73211,Pre-impresores y pre-prensistas de artes gráficas / Pre-impresoras y pre-prensistas de artes gráficas,2
73212,Tipógrafos / Tipógrafas,2
73220,Impresores de artes gráficas / Impresoras de artes gráficas,2
73230,Encuadernadores y afines / Encuadernadoras y afines,2
73310,Tejedores con telares / Tejedoras con telares,2
73320,Tejedores con agujas / Tejedoras con agujas,2
73330,Otros tejedores / Otras tejedoras,2
73410,Cesteros y mimbreros / Cesteras y mimbreras,2
73420,Sombrereros artesanales / Sombrereras artesanales,2
73510,Talladores de piezas artesanales de madera / Talladoras de piezas artesanales de madera,2
73520,Decoradores de piezas artesanales en madera / Decoradoras de piezas artesanales en madera,2
73610,Joyeros / Joyeras,2
73620,Orfebres y plateros / Orfebres y plateras,2
73630,Bisuteros / Bisuteras,2
73700,Artesanos del cuero / Artesanas del cuero,2
73910,Artesanos de papel / Artesanas de papel,2
73920,Artesanos del hierro y otros metales / Artesanas del hierro y otros metales,2
73930,Artesanos de las semillas y cortezas vegetales / Artesanas de las semillas y cortezas vegetales,2
73991,Artesanos de trabajos en materiales líticos / Artesanas de trabajos en materiales líticos,2
73999,Artesanos de otros materiales no clasificados en otras ocupaciones / Artesanas de otros materiales no clasificados en otras ocupaciones,2
74111,"Electricistas de obra, residenciales y afines",2
74112,Ayudantes electricistas,2
74121,Electricistas industriales,2
74122,Reparadores de aparatos electrodomésticos / Reparadoras de aparatos electrodomésticos,2
74123,Mecánicos electricistas / Mecánicas electricistas,2
74130,Instaladores y reparadores de líneas eléctricas / Instaladoras y reparadoras de líneas eléctricas,2
74210,"Ajustadores, reparadores e instaladores en electrónica / Ajustadoras, reparadoras e instaladoras en electrónica",2
74221,Técnicos instaladores de redes y líneas de telecomunicaciones / Técnicas instaladoras de redes y líneas de telecomunicaciones,2
74222,"Auxiliares técnicos de instalación, mantenimiento y reparación de sistemas de telecomunicaciones / Auxiliares técnicas de instalación, mantenimiento y reparación de sistemas de telecomunicaciones",2
74223,Operarios de mantenimiento y servicio de televisión por cable / Operarias de mantenimiento y servicio de televisión por cable,2
75110,"Carniceros, pescaderos y afines / Carniceras, pescaderas y afines",2
75121,"Panaderos, pasteleros y confiteros / Panaderas, pasteleras y confiteras",2
75122,Paneleros / Paneleras,2
75130,Operarios de la elaboración de productos lácteos / Operarias de la elaboración de productos lácteos,2
75140,"Operarios de la conservación de frutas, legumbres, verduras y afines / Operarias de la conservación de frutas, legumbres, verduras y afines",2
75150,Catadores y clasificadores de alimentos y bebidas / Catadoras y clasificadoras de alimentos y bebidas,2
75160,Preparadores y elaboradores de cigarros y productos del tabaco / Preparadoras y elaboradoras de cigarros y productos del tabaco,2
75210,Operarios del tratamiento de la madera / Operarias del tratamiento de la madera,2
75220,Ebanistas y carpinteros (excluye carpinteros de armar y de obra blanca) / Ebanistas y carpinteras (excluye carpinteras de armar y de obra blanca),2
75230,Ajustadores y operadores de máquinas para trabajar madera / Ajustadoras y operadoras de máquinas para trabajar madera,2
75310,"Sastres, modistos, peleteros y sombrereros / Sastresas, modistas, peleteras y sombrereras",2
75321,"Patronistas de productos de tela, cuero y piel",3
75322,"Cortadores de tela, cuero y piel / Cortadoras de tela, cuero y piel",2
75330,"Costureros, bordadores y afines / Costureras, bordadoras y afines",2
75340,"Tapiceros, colchoneros y afines / Tapiceras, colchoneras y afines",2
75350,"Apelambradores, pellejeros y curtidores / Apelambradoras, pellejeras y curtidoras",2
75360,Zapateros y afines / Zapateras y afines,2
75410,Buzos / Buzas,2
75420,Dinamiteros y pegadores / Dinamiteras y pegadoras,2
75431,Analistas de calidad de textiles,2
75432,"Inspectores de control de calidad, fabricación de productos de tela, piel y cuero / Inspectoras de control de calidad, fabricación de productos de tela, piel y cuero",2
75433,"Inspectores de control de calidad, procesamiento de la madera / Inspectoras de control de calidad, procesamiento de la madera",2
75439,Clasificadores y probadores de productos (excluyendo alimentos y bebidas) no clasificados en otras ocupaciones / Clasificadoras y probadoras de productos (excluyendo alimentos y bebidas) no clasificados en otras ocupaciones,2
75440,Fumigadores y otros controladores de plagas y malas hierbas / Fumigadoras y otras controladoras de plagas y malas hierbas,2
75491,Operarios y auxiliares de mecánica oftálmica / Operarias y auxiliares de mecánica oftálmica,2
75499,"Otros oficiales, operarios y oficios relacionados no clasificados en otras ocupaciones / Otras oficiales, operarias y oficios relacionados no clasificados en otras ocupaciones",2
81111,Mineros y canteros / Mineras y canteras,2
81112,Operadores de servicios e instalaciones mineras / Operadoras de servicios e instalaciones mineras,2
81113,Operadores de equipo pesado de minería / Operadoras de equipo pesado de minería,2
81120,Operadores de instalaciones de procesamiento de minerales y rocas / Operadoras de instalaciones de procesamiento de minerales y rocas,2
81131,Perforadores de pozos de gas y petróleo / Perforadoras de pozos de gas y petróleo,2
81132,Perforadores de pozos de agua / Perforadoras de pozos de agua,2
81133,Operadores de servicios en perforación de petróleo y gas / Operadoras de servicios en perforación de petróleo y gas,2
81134,Operadores de producción de hidrocarburos / Operadoras de producción de hidrocarburos,2
81135,Operadores de servicios a pozos de hidrocarburos / Operadoras de servicios a pozos de hidrocarburos,2
81136,Operadores de torres de perforación de pozos hidrocarburos / Operadoras de torres de perforación de pozos hidrocarburos,2
81140,Operadores de máquinas para fabricar cemento y otros productos minerales / Operadoras de máquinas para fabricar cemento y otros productos minerales,2
81210,Operadores de instalaciones de procesamiento de metales / Operadoras de instalaciones de procesamiento de metales,2
81220,"Operadores de máquinas pulidoras, galvanizadoras y recubridoras de metales / Operadoras de máquinas pulidoras, galvanizadoras y recubridoras de metales",2
81311,Operadores de máquinas de planta química / Operadoras de máquinas de planta química,2
81312,Operadores de planta de gas / Operadoras de planta de gas,2
81320,Operadores de máquinas y procesadores fotográficos y de películas / Operadoras de máquinas y procesadores fotográficos y de películas,2
81410,Operadores de máquinas para fabricar y procesar productos de caucho / Operadoras de máquinas para fabricar y procesar productos de caucho,2
81420,Operadores de máquinas para fabricar productos de material plástico / Operadoras de máquinas para fabricar productos de material plástico,2
81430,Operadores de máquinas para fabricar productos de papel / Operadoras de máquinas para fabricar productos de papel,2
81510,"Operadores de máquinas de preparación de fibras, hilado y devanado / Operadoras de máquinas de preparación de fibras, hilado y devanado",2
81520,Operadores de telares y otras máquinas tejedoras / Operadoras de telares y otras máquinas tejedoras,2
81530,Operadores de máquinas de coser y bordar / Operadoras de máquinas de coser y bordar,2
81540,"Operadores de máquinas de blanqueamiento, teñido y limpieza de tejidos / Operadoras de máquinas de blanqueamiento, teñido y limpieza de tejidos",2
81550,Operadores de máquinas de tratamiento de pieles y cueros / Operadoras de máquinas de tratamiento de pieles y cueros,2
81560,Operadores de máquinas para la fabricación de calzado y afines / Operadoras de máquinas para la fabricación de calzado y afines,2
81570,Operadores de máquinas de lavandería / Operadoras de máquinas de lavandería,2
81590,Operadores de máquinas para fabricar productos textiles y artículos de piel y cuero no clasificadas en otras ocupaciones / Operadoras de máquinas para fabricar productos textiles y artículos de piel y cuero no clasificadas en otras ocupaciones,2
81600,Operadores de máquinas para elaborar alimentos y productos afines / Operadoras de máquinas para elaborar alimentos y productos afines,2
81711,Operadores de máquinas para la fabricación de papel / Operadoras de máquinas para la fabricación de papel,2
81712,Operadores de máquinas para la producción de pulpa / Operadoras de máquinas para la producción de pulpa,2
81720,Operadores de instalaciones de procesamiento de la madera / Operadoras de instalaciones de procesamiento de la madera,2
81811,"Operadores de fabricación, moldeo y acabado del vidrio / Operadoras de fabricación, moldeo y acabado del vidrio",2
81812,Operadores de moldeo de arcilla y piedra / Operadoras de moldeo de arcilla y piedra,2
81820,Operadores de máquinas de vapor y calderas / Operadoras de máquinas de vapor y calderas,2
81830,"Operadores de máquinas de embalaje, embotellamiento y etiquetado / Operadoras de máquinas de embalaje, embotellamiento y etiquetado",2
81891,Operadores portuarios / Operadoras portuarias,2
81899,Otros operadores de máquinas y de instalaciones fijas no clasificados en otras ocupaciones / Otras operadoras de máquinas y de instalaciones fijas no clasificados en otras ocupaciones,2
82110,Ensambladores de maquinaria mecánica / Ensambladoras de maquinaria mecánica,2
82121,Ensambladores de productos electrónicos / Ensambladoras de productos electrónicos,2
82122,Ensambladores de aparatos y equipo eléctrico / Ensambladoras de aparatos y equipo eléctrico,2
82123,Ensambladores de transformadores y motores eléctricos industriales / Ensambladoras de transformadores y motores eléctricos industriales,2
82124,Operadores de máquinas para la fabricación de productos y componentes eléctricos / Operadoras de máquinas para la fabricación de productos y componentes eléctricos,2
82190,Ensambladores no clasificados en otras ocupaciones / Ensambladoras no clasificadas en otras ocupaciones,2
83110,Maquinistas de transporte ferroviario,2
83120,"Guardafrenos, guardagujas y agentes de maniobras",2
83210,Conductores de motocicletas / Conductoras de motocicletas,2
83230,Conductores de camionetas y vehículos livianos / Conductoras de camionetas y vehículos livianos,2
83240,Conductores de taxis / Conductoras de taxis,2
83310,"Conductores de buses, microbuses y tranvías / Conductoras de buses, microbuses y tranvías",2
83320,Conductores de camiones y vehículos pesados / Conductoras de camiones y vehículos pesados,2
83410,Operadores de maquinaria agrícola y forestal móvil / Operadoras de maquinaria agrícola y forestal móvil,2
83420,"Operadores de máquinas de movimiento de tierras, construcción de vías y afines / Operadoras de máquinas de movimiento de tierras, construcción de vías y afines",2
83430,"Operadores de grúas, aparatos elevadores y afines / Operadoras de grúas, aparatos elevadores y afines",2
83440,Operadores de montacargas / Operadoras de montacargas,2
83501,Marineros de cubierta y de apoyo / Marineras de cubierta y de apoyo,2
83502,Operadores de embarcaciones menores / Operadoras de embarcaciones menores,2
91110,Personal de servicio doméstico,1
91120,"Aseadores de oficinas, hoteles y otros establecimientos / Aseadoras de oficinas, hoteles y otros establecimientos",1
91210,Lavanderos y planchadores manuales / Lavanderas y planchadoras manuales,1
91220,Lavadores de vehículos / Lavadoras de vehículos,1
91230,Limpiadores de ventanas y vitrinas / Limpiadoras de ventanas y vitrinas,1
91290,Otro personal de limpieza no clasificados en otras ocupaciones / Otra personal de limpieza no clasificados en otras ocupaciones,1
92110,Obreros y peones de explotaciones agrícolas / Obreras y peonas de explotaciones agrícolas,1
92120,Obreros y peones de explotaciones ganaderas / Obreras y peonas de explotaciones ganaderas,1
92130,Obreros y peones de explotaciones agropecuarias / Obreras y peonas de explotaciones agropecuarias,1
92140,Obreros y peones de jardinería y horticultura / Obreras y peonas de jardinería y horticultura,1
92150,Obreros y peones forestales y de silvicultura / Obreras y peonas forestales y de silvicultura,1
92160,Obreros y peones de pesca y acuicultura / Obreras y peonas de pesca y acuicultura,1
93111,Obreros y peones de minas y canteras / Obreras y peonas de minas y canteras,1
93112,Obreros y ayudantes de producción en pozos de petróleo y gas / Obreras y ayudantas de producción en pozos de petróleo y gas,1
93121,Obreros y ayudantes de obras públicas y mantenimiento / Obreras y ayudantas de obras públicas y mantenimiento,1
93122,Obreros y operarios de cementerios / Obreras y operarias de cementerios,1
93130,Obreros y peones de la construcción / Obreras y peonas de la construcción,1
93210,Empacadores manuales / Empacadoras manuales,1
93291,Obreros y ayudantes en el procesamiento de la madera y producción de pulpa y papel / Obreras y ayudantas en el procesamiento de la madera y producción de pulpa y papel,1
93292,Obreros y ayudantes en el tratamiento de metales y minerales / Obreras y ayudantas en el tratamiento de metales y minerales,1
93293,Obreros y ayudantes de planta química / Obreras y ayudantas de planta química,1
93294,Obreros y ayudantes en la elaboración de alimentos y bebidas / Obreras y ayudantas en la elaboración de alimentos y bebidas,1
93299,Obreros y peones de la industria manufacturera no clasificados en otras ocupaciones / Obreras y peonas de la industria manufacturera no clasificadas en otras ocupaciones,1
93310,Conductores de vehículos accionados a pedal o a brazo / Conductoras de vehículos accionados a pedal o a brazo,1
93320,Conductores de vehículos y maquinaria de tracción animal / Conductoras de vehículos y maquinaria de tracción animal,1
93331,Obreros y peones de carga y descarga / Obreras y peonas de carga y descarga,1
93332,Obreros y peones portuarios / Obreras y peonas portuarias,1
93333,Operarios y auxiliares de rampa de transporte aéreo / Operarias y auxiliares de rampa de transporte aéreo,2
93334,Ayudantes de transporte automotor,1
93340,Surtidores de estanterías / Surtidoras de estanterías,1
94110,Cocineros de comidas rápidas / Cocineras de comidas rápidas,1
94120,Ayudantes de cocina,1
95100,Trabajadores ambulantes de servicios y afines / Trabajadoras ambulantes de servicios y afines,1
95200,Vendedores ambulantes (excluyendo comidas de preparación inmediata) / Vendedoras ambulantes (excluyendo comidas de preparación inmediata),1
96110,Recolectores de basura y material reciclable / Recolectoras de basura y material reciclable,1
96120,Clasificadores de desechos / Clasificadoras de desechos,1
96130,Ayudantes y operarios de barrido y limpieza de vías y áreas públicas / Ayudantes y operarias de barrido y limpieza de vías y áreas públicas,1
96211,"Mandaderos, maleteros y repartidores / Mandaderas, maleteras y repartidoras",1
96212,Mensajeros / Mensajeras,1
96220,Personas que realizan trabajos varios,1
96240,Acarreadores de agua y recolectores de leña / Acarreadoras de agua y recolectores de leña,1
96250,Recolectores de dinero y surtidores de máquinas de venta automática / Recolectoras de dinero y surtidores de máquinas de venta automática,1
96260,Lectores de medidores / Lectoras de medidores,1
96291,Auxiliares de servicios de recreación y deporte,1
96292,Ayudantes de mecánica y servicio automotriz,1
96299,Otras ocupaciones elementales no clasificadas en otras ocupaciones,1
